{
  "stabxmodernguns:recipes/stabxmodernguns/7.62x51mm_nato": {
    "criteria": {
      "has_copper_ingot": "2024-05-15 11:16:56 -0500"
    },
    "done": true
  },
  "minecraft:recipes/decorations/crafting_table": {
    "criteria": {
      "unlock_right_away": "2024-05-15 11:16:56 -0500"
    },
    "done": true
  },
  "stabxmodernguns:recipes/stabxmodernguns/12_gauge_buckshot_slug_shell_360": {
    "criteria": {
      "has_red_dye": "2024-05-15 11:16:56 -0500",
      "has_yellow_dye": "2024-05-15 11:16:56 -0500"
    },
    "done": true
  },
  "irons_spellbooks:grant_patchouli": {
    "criteria": {
      "tick": "2024-05-15 11:16:56 -0500"
    },
    "done": true
  },
  "iceandfire:iceandfire/root": {
    "criteria": {
      "tick": "2024-05-15 11:16:56 -0500"
    },
    "done": true
  },
  "stabxmodernguns:recipes/stabxmodernguns/45acp": {
    "criteria": {
      "has_copper_ingot": "2024-05-15 11:16:56 -0500"
    },
    "done": true
  },
  "stabxmodernguns:recipes/stabxmodernguns/500_magnum_smith_and_wesson": {
    "criteria": {
      "has_black_dye": "2024-05-15 11:16:56 -0500"
    },
    "done": true
  },
  "parcool:grant_parcool_guide": {
    "criteria": {
      "tick": "2024-05-15 11:16:56 -0500"
    },
    "done": true
  },
  "tombstone:adventure/root": {
    "criteria": {
      "auto": "2024-05-15 11:17:05 -0500"
    },
    "done": true
  },
  "stabxmodernguns:recipes/stabxmodernguns/50_caliber": {
    "criteria": {
      "has_copper_ingot": "2024-05-15 11:16:56 -0500"
    },
    "done": true
  },
  "lootr:root": {
    "criteria": {
      "always_true": "2024-05-15 11:16:56 -0500"
    },
    "done": true
  },
  "stabxmodernguns:recipes/stabxmodernguns/m60": {
    "criteria": {
      "has_black_dye": "2024-05-15 11:16:56 -0500"
    },
    "done": true
  },
  "stabxmodernguns:recipes/stabxmodernguns/50bmg": {
    "criteria": {
      "has_copper_ingot": "2024-05-15 11:16:56 -0500"
    },
    "done": true
  },
  "cataclysm:root": {
    "criteria": {
      "custom_test_name": "2024-05-15 11:16:56 -0500"
    },
    "done": true
  },
  "stabxmodernguns:recipes/stabxmodernguns/acr_bushmaster": {
    "criteria": {
      "has_gray_dye": "2024-05-15 11:16:56 -0500",
      "has_black_dye": "2024-05-15 11:16:56 -0500",
      "has_orange_dye": "2024-05-15 11:16:56 -0500"
    },
    "done": true
  },
  "stabxmodernguns:recipes/stabxmodernguns/9mm": {
    "criteria": {
      "has_copper_ingot": "2024-05-15 11:16:56 -0500"
    },
    "done": true
  },
  "stabxmodernguns:recipes/stabxmodernguns/5.56x45_nato": {
    "criteria": {
      "has_copper_ingot": "2024-05-15 11:16:56 -0500"
    },
    "done": true
  },
  "stabxmodernguns:recipes/stabxmodernguns/7.32x33mm_kurz": {
    "criteria": {
      "has_copper_ingot": "2024-05-15 11:16:56 -0500"
    },
    "done": true
  },
  "minecraft:adventure/adventuring_time": {
    "criteria": {
      "minecraft:forest": "2024-05-15 11:17:05 -0500"
    },
    "done": false
  },
  "stabxmodernguns:recipes/stabxmodernguns/aks74ux": {
    "criteria": {
      "has_the_recipe": "2024-05-15 11:16:56 -0500"
    },
    "done": true
  },
  "stabxmodernguns:recipes/stabxmodernguns/50ae": {
    "criteria": {
      "has_copper_ingot": "2024-05-15 11:16:56 -0500"
    },
    "done": true
  },
  "stabxmodernguns:recipes/stabxmodernguns/7.62mm": {
    "criteria": {
      "has_copper_ingot": "2024-05-15 11:16:56 -0500"
    },
    "done": true
  },
  "DataVersion": 3465
}